harm_category,gini_index
Autonomy,0.26651999382430136
Emotional & psychological,0.13194444444444445
Financial & business,0.3436339074636947
Human rights & civil liberties,0.17294056502208857
Physical,0.09625396825396826
Political & economic,0.05269336115821052
Psychological,0.18400204446716076
Reputational,0.2113744633300006
Societal & cultural,0.20854803091645197
