harm_category,gini_index
Autonomy,-0.004201680672268893
Emotional & psychological,0.25595238095238093
Financial & business,0.08037825059101666
Human rights & civil liberties,0.37940379403794044
Physical,0.19444444444444442
Political & economic,0.540650406504065
Psychological,0.46153846153846156
Reputational,0.2857142857142858
Societal & cultural,0.45029239766081874
